Designator,Val,Package,Mid X,Mid Y,Rotation,Layer
"D1","KT-0805W","D_0805_2012Metric",15.000000,-10.000000,0.000000,bottom
"G1","L200HY-4PS","GROVE-HW4-SMD-2.0",2.500000,-10.000000,90.000000,top
"Q1","2N7002","SOT-23",15.500000,-16.000000,90.000000,top
"R1","100R","R_0603_1608Metric",14.000000,-5.000000,0.000000,top
"R2","100R","R_0603_1608Metric",10.675000,-13.000000,0.000000,top
"R3","100k","R_0603_1608Metric",10.675000,-14.500000,180.000000,top

